"habitat","status","urchins_mean","parrotfish_mean","molluscs_mean","algae_mean","forams_mean","sponge_mean","sediment_mean","coral_mean","cca_mean","urchins_sd","parrotfish_sd","molluscs_sd","algae_sd","forams_sd","sponge_sd","sediment_sd","coral_sd","cca_sd"
"lagoon","low",0.00837550916666667,0.735429441333333,0.00802575983333333,0.00278162966666667,0.0794351,0.0377424655833333,0.871789908416667,0.741006964916667,0.04054045125,0.0145068074159255,0.304142086797353,0.0127722627429989,0.0030253194385501,0.0770965031017514,0.00351291370246691,0.384739596717233,0.299022430451772,0.0210408723009009
"lagoon","high",0.0282882895833333,1.79774780691667,0.00575698491666667,0.00961996366666667,0.0253354203333333,0.0337090864166667,1.90045755191667,1.75712806233333,0.102617120833333,0.0489967548175547,1.09390926215882,0.00202700192979694,0.00578976364561323,0.00883042012839119,0.00672108874706061,1.14324975702355,1.07202999611149,0.076529192977229
"shallow","low",0.0297269409444444,1.24815145305556,0.000117333333333333,0.00235898991666667,0.0224705196666667,0.0412702483333333,1.34409548527778,1.24336394630556,0.0757846960277778,0.0500497764866178,0.799797982844953,0.000141867308895789,0.00376098620545729,0.00365699462826517,0.00656626853689052,0.82728235407682,0.775931806893005,0.0547696476739321
"shallow","high",0.367799716916667,1.059990536,0.00120603033333333,0.00292940158333333,0.011817132,0.033652515,1.47739533208333,1.24293336866667,0.218509399333333,0.324195607386522,0.638155299882875,0.00202713609268355,0.00243541121560688,0.00339530673709269,0.00339681335110939,0.76286436691489,0.655745022552927,0.154301451511468
"deep","low",0.0374610399166667,3.33501246791667,0.00460638791666667,0.0129386765,0.0143182336666667,0.01486016,3.419196963,3.20372557633333,0.1836080915,0.055567785657738,1.13100009904137,0.00591886907451517,0.010031943589518,0.00860663639416772,0.00277576506577916,1.10086908727379,1.04896755244724,0.034701632889279
"deep","high",0.78139286925,1.75543387675,0.00271201516666667,0.0123472183333333,0.0180106656666667,0.0163907333333333,2.58628737858333,2.11381899433333,0.439398484916667,1.34958851065454,0.595495225151037,0.00462129819841677,0.00873760267734829,0.00797674157726639,0.00154399934991351,0.840944738186295,0.342430239218081,0.580739722472419
