"habitat","status","urchins_ratio","parrotfish_ratio","molluscs_ratio","algae_ratio","forams_ratio","sponge_ratio","coral_ratio","cca_ratio"
"lagoon","low",0.00960725638804211,0.843585632539622,0.00920607104515538,0.00319071101857399,0.091117251109581,0.0432930746490066,0.849983416603748,0.0465025470685122
"lagoon","high",0.0148849889095412,0.945955254356292,0.00302926256409178,0.00506191977661624,0.0133312213723384,0.0177373529772712,0.924581588555461,0.0539960078191912
"shallow","low",0.022116688338032,0.928618142629656,8.7295385349118e-05,0.00175507614042699,0.0167179489201415,0.0307048485657284,0.925056262687019,0.0563834168463974
"shallow","high",0.248951454583262,0.717472509206636,0.000816322014252382,0.00198281497153674,0.00799862551571501,0.0227782735393818,0.841300457416471,0.147901779969214
"deep","low",0.0109560930013808,0.975378869367774,0.00134721338563223,0.00378412727901104,0.004187601305689,0.00434609651353975,0.936981873522252,0.0536991853604428
"deep","high",0.302129173935039,0.678746643271931,0.00104861323189544,0.00477410918661972,0.0069639073429389,0.00633755299935444,0.817317909771961,0.169895460402143
